<keymap version="1" name="GNOME copy" parent="Default for GNOME">
  <action id="ActivateTerminalToolWindow">
    <keyboard-shortcut first-keystroke="alt f12" />
    <keyboard-shortcut first-keystroke="ctrl escape" />
  </action>
  <action id="BuildProject">
    <keyboard-shortcut first-keystroke="f6" />
  </action>
  <action id="CMake.ReloadCMakeProject">
    <keyboard-shortcut first-keystroke="f5" />
  </action>
  <action id="CopyElement" />
  <action id="DatabaseView.CopyTable" />
  <action id="EditorCreateRectangularSelectionOnMouseDrag">
    <mouse-shortcut keystroke="alt button1" />
  </action>
  <action id="EditorPasteFromX11" />
  <action id="Graph.ApplyCurrentLayout" />
  <action id="Move" />
  <action id="MultiHighlight">
    <keyboard-shortcut first-keystroke="ctrl quote" />
    <mouse-shortcut keystroke="button2" />
  </action>
</keymap>