<application>
  <component name="VimEditorSettings">
    <editor />
  </component>
  <component name="VimHistorySettings">
    <history>
      <history-search>
        <entry>mutate</entry>
        <entry>scop..ma</entry>
        <entry>ac</entry>
        <entry>fixbin</entry>
      </history-search>
      <history-cmd>
        <entry>vs</entry>
        <entry>action GotoAction</entry>
        <entry>action Find</entry>
        <entry>action SearchEverywhere</entry>
        <entry>action ToggleLineBreakpoint</entry>
        <entry>q</entry>
        <entry>action GotoImplementation</entry>
        <entry>action GotoDeclaration</entry>
      </history-cmd>
      <history-expr />
      <history-input />
    </history>
  </component>
  <component name="VimKeySettings">
    <shortcut-conflicts>
      <shortcut-conflict owner="vim">
        <text>ctrl pressed O</text>
      </shortcut-conflict>
      <shortcut-conflict owner="vim">
        <text>ctrl pressed I</text>
      </shortcut-conflict>
      <shortcut-conflict owner="vim">
        <text>ctrl pressed W</text>
      </shortcut-conflict>
      <shortcut-conflict owner="vim">
        <text>ctrl pressed SEMICOLON</text>
      </shortcut-conflict>
      <shortcut-conflict owner="vim">
        <text>shift ctrl pressed SEMICOLON</text>
      </shortcut-conflict>
    </shortcut-conflicts>
  </component>
  <component name="VimMarksSettings">
    <globalmarks />
    <filemarks>
      <file name="$USER_HOME$/work/akg/tests/kernel_tests/common/test_run/conv_run.py" timestamp="1588924342429">
        <mark key="'" line="174" column="26" />
        <mark key="[" line="156" column="6" />
        <mark key="]" line="156" column="17" />
        <mark key="^" line="156" column="17" />
        <mark key="." line="156" column="16" />
      </file>
      <file name="/Dummy.txt" timestamp="1588987533151">
        <mark key="[" line="0" column="0" />
      </file>
      <file name="$USER_HOME$/work/akg/mindspore/ccsrc/akg/codegen/build_module.cc" timestamp="1588930839568">
        <mark key="'" line="117" column="44" />
        <mark key="[" line="328" column="0" />
        <mark key="]" line="328" column="0" />
        <mark key="." line="328" column="0" />
      </file>
      <file name="$USER_HOME$/work/akg/mindspore/ccsrc/akg/pass/post_fusion.cc" timestamp="1588919930901">
        <mark key="'" line="435" column="12" />
        <mark key="[" line="446" column="0" />
        <mark key="]" line="446" column="0" />
        <mark key="." line="446" column="0" />
      </file>
      <file name="$USER_HOME$/work/akg/mindspore/ccsrc/akg/poly/scop.cc" timestamp="1588928112389">
        <mark key="[" line="3539" column="0" />
        <mark key="]" line="3539" column="0" />
        <mark key="." line="3539" column="0" />
      </file>
      <file name="$USER_HOME$/work/akg/tests/kernel_tests/operators/to_fix_vector/test_dynamic_all.py" timestamp="1588930635421">
        <mark key="'" line="83" column="49" />
        <mark key="[" line="83" column="47" />
        <mark key="]" line="83" column="49" />
        <mark key="." line="83" column="48" />
        <mark key="^" line="83" column="49" />
      </file>
      <file name="$USER_HOME$/work/akg/mindspore/akg/ops/nn/conv.py" timestamp="1588928965592">
        <mark key="'" line="0" column="0" />
      </file>
      <file name="/" timestamp="1588919834430">
        <mark key="[" line="0" column="0" />
      </file>
    </filemarks>
    <jumps>
      <jump line="0" column="0" filename="$USER_HOME$/work/akg/tests/kernel_tests/common/test_run/conv_run.py" />
      <jump line="0" column="0" filename="$USER_HOME$/work/akg/mindspore/ccsrc/akg/pass/post_fusion.cc" />
      <jump line="326" column="4" filename="$USER_HOME$/work/akg/mindspore/ccsrc/akg/pass/post_fusion.cc" />
      <jump line="435" column="12" filename="$USER_HOME$/work/akg/mindspore/ccsrc/akg/pass/post_fusion.cc" />
      <jump line="256" column="6" filename="$USER_HOME$/work/akg/mindspore/ccsrc/akg/pass/post_fusion_utils.h" />
      <jump line="565" column="5" filename="$USER_HOME$/work/akg/mindspore/ccsrc/akg/pass/utils.cc" />
      <jump line="3482" column="53" filename="$USER_HOME$/work/akg/mindspore/ccsrc/akg/poly/scop.cc" />
      <jump line="3588" column="5" filename="$USER_HOME$/work/akg/mindspore/ccsrc/akg/poly/scop.cc" />
      <jump line="3680" column="5" filename="$USER_HOME$/work/akg/mindspore/ccsrc/akg/poly/scop.cc" />
      <jump line="3708" column="5" filename="$USER_HOME$/work/akg/mindspore/ccsrc/akg/poly/scop.cc" />
      <jump line="466" column="7" filename="$USER_HOME$/work/akg/mindspore/ccsrc/akg/poly/scop.h" />
      <jump line="3476" column="14" filename="$USER_HOME$/work/akg/mindspore/ccsrc/akg/poly/scop.cc" />
      <jump line="156" column="6" filename="$USER_HOME$/work/akg/tests/kernel_tests/common/test_run/conv_run.py" />
      <jump line="3484" column="2" filename="$USER_HOME$/work/akg/mindspore/ccsrc/akg/poly/scop.cc" />
      <jump line="3477" column="4" filename="$USER_HOME$/work/akg/mindspore/ccsrc/akg/poly/scop.cc" />
      <jump line="3473" column="4" filename="$USER_HOME$/work/akg/mindspore/ccsrc/akg/poly/scop.cc" />
      <jump line="159" column="6" filename="$USER_HOME$/work/akg/tests/kernel_tests/common/test_run/conv_run.py" />
      <jump line="3481" column="41" filename="$USER_HOME$/work/akg/mindspore/ccsrc/akg/poly/scop.cc" />
      <jump line="187" column="45" filename="$USER_HOME$/work/akg/tests/kernel_tests/common/test_run/conv_run.py" />
      <jump line="182" column="28" filename="$USER_HOME$/work/akg/tests/kernel_tests/common/test_run/conv_run.py" />
      <jump line="174" column="26" filename="$USER_HOME$/work/akg/tests/kernel_tests/common/test_run/conv_run.py" />
      <jump line="3478" column="17" filename="$USER_HOME$/work/akg/mindspore/ccsrc/akg/poly/scop.cc" />
      <jump line="0" column="0" filename="$USER_HOME$/work/akg/mindspore/akg/ops/nn/conv.py" />
      <jump line="0" column="0" filename="$USER_HOME$/work/akg/tests/kernel_tests/operators/to_fix_vector/test_dynamic_all.py" />
      <jump line="83" column="49" filename="$USER_HOME$/work/akg/tests/kernel_tests/operators/to_fix_vector/test_dynamic_all.py" />
      <jump line="117" column="44" filename="$USER_HOME$/work/akg/mindspore/ccsrc/akg/codegen/build_module.cc" />
    </jumps>
  </component>
  <component name="VimRegisterSettings">
    <registers>
      <register name="1" type="2">
        <text encoding="base64">ICAgICAgdi0+bmFtZV9oaW50Cg==</text>
      </register>
      <register name="&quot;" type="2">
        <text encoding="base64">ICAgICAgICAgICAgYXV0byB0ID0gcGxhY2Vob2xkZXIoc2hhcGUsIGlubmVyUmVhbGl6ZS5yZWFsaXplT3BfLT50eXBlLCBpbm5lclJlYWxpemUucmVhbGl6ZU9wXy0+ZnVuYy0+ZnVuY19uYW1lKCkpOwoK</text>
      </register>
      <register name="2" type="2">
        <text encoding="base64">ICBzZGZrbDsK</text>
      </register>
      <register name="3" type="2">
        <text encoding="base64">ICAgIGlmICgxKSBMT0coSU5GTykgPDwgInRlc3QiOwo=</text>
      </register>
      <register name="4" type="4">
        <text encoding="base64">ZW5zb3JJbmZvLnJlZmVyZW5jZUdyb3VwXyAhPSBudWxscHRyKSA8PCAidGVuc29ySW5mby5yZWZlcmVuY2VHcm91cF8gaXMgbnVsbCEhISEhIjsKICAgIHVwZGF0ZUY=</text>
      </register>
      <register name="5" type="2">
        <text encoding="base64">ICAgICAgICAgICAgYXV0byB0ID0gcGxhY2Vob2xkZXIoc2hhcGUsIGlubmVyUmVhbGl6ZS5yZWFsaXplT3BfLT50eXBlLCBpbm5lclJlYWxpemUucmVhbGl6ZU9wXy0+ZnVuYy0+ZnVuY19uYW1lKCkpOwoK</text>
      </register>
      <register name=":" type="4">
        <text>action GotoDeclaration</text>
      </register>
      <register name="*" type="2">
        <text encoding="base64">ICAgICAgdi0+bmFtZV9oaW50Cg==</text>
      </register>
      <register name="-" type="4">
        <text>1</text>
      </register>
      <register name="/" type="4">
        <text>fixbin</text>
      </register>
    </registers>
  </component>
  <component name="VimSearchSettings">
    <search>
      <last-search>fixbin</last-search>
      <last-offset />
      <last-pattern>fixbin</last-pattern>
      <last-dir>1</last-dir>
      <show-last>true</show-last>
    </search>
  </component>
  <component name="VimSettings">
    <state version="6" enabled="true" />
    <notifications>
      <idea-join enabled="false" />
      <idea-put enabled="false" />
    </notifications>
  </component>
</application>